0,0,0,0,0,0
0.462890625,1.0,0.5095669687814703,1.0,0.5124131082423039,1.0
0.4334637964774951,1.0,0.42610364683301344,1.0,0.5067307692307692,1.0
0.46633663366336636,1.0,0.4262135922330097,1.0,0.5211693548387096,1.0
0.4314671814671815,1.0,0.43304007820136853,1.0,0.4724950884086444,1.0
0.40810276679841895,1.0,0.46206225680933855,1.0,0.4665409990574929,1.0
0.43440233236151604,1.0,0.4628344895936571,1.0,0.5150300601202404,1.0
0.44,1.0,0.4270531400966184,1.0,0.44007670182166825,1.0
0.4782608695652174,1.0,0.4754601226993865,1.0,0.5246062992125984,1.0
0.4955134596211366,1.0,0.43175487465181056,1.0,0.5058823529411764,1.0
0.4277511961722488,1.0,0.4658753709198813,1.0,0.47393822393822393,1.0
0.4629812438302073,1.0,0.4446601941747573,1.0,0.48148148148148145,1.0
0.4435946462715105,1.0,0.48045267489711935,1.0,0.5079207920792079,1.0
0.4505154639175258,1.0,0.46455223880597013,1.0,0.45877788554801163,1.0
0.42016806722689076,1.0,0.4334016393442623,1.0,0.458252427184466,1.0
0.5024295432458697,1.0,0.4219489120151372,1.0,0.4646766169154229,1.0
0.43237907206317866,1.0,0.45857418111753373,1.0,0.48158914728682173,1.0
0.4488802336903603,1.0,0.4544564152791381,1.0,0.47764227642276424,1.0
0.4148936170212766,1.0,0.4677584442169908,1.0,0.47769516728624534,1.0
0.4541015625,1.0,0.46175115207373274,1.0,0.48526522593320237,1.0
0.4726911618669315,1.0,0.45978152929493543,1.0,0.4305555555555556,1.0
0.4210019267822736,1.0,0.47609756097560973,1.0,0.49513618677042803,1.0
0.48977604673807207,1.0,0.4331395348837209,1.0,0.4898941289701636,1.0
0.45321637426900585,1.0,0.49085365853658536,1.0,0.4602385685884692,1.0
0.39113300492610836,1.0,0.41595441595441596,1.0,0.4727272727272727,1.0
0.4059113300492611,1.0,0.4776264591439689,1.0,0.4659533073929961,1.0
0.4159378036929057,1.0,0.48985507246376814,1.0,0.4462890625,1.0
0.4252651880424301,1.0,0.4418604651162791,1.0,0.49901574803149606,1.0
0.43780607247796277,1.0,0.4147727272727273,1.0,0.4446601941747573,1.0
0.4538310412573674,1.0,0.47162426614481406,1.0,0.4588701684836472,1.0
0.4589041095890411,1.0,0.45675413022351796,1.0,0.43202416918429004,1.0
0.4295432458697765,1.0,0.4594871794871795,1.0,0.4781368821292776,1.0
0.42828685258964144,1.0,0.4639850327408793,1.0,0.41818181818181815,1.0
0.4292730844793713,1.0,0.4493927125506073,1.0,0.4234592445328032,1.0
0.3817307692307692,1.0,0.4595103578154426,1.0,0.4757751937984496,1.0
0.4252199413489736,1.0,0.4585365853658537,1.0,0.4452054794520548,1.0
0.42674532940019666,1.0,0.43873517786561267,1.0,0.5059642147117296,1.0
0.4507177033492823,1.0,0.4798076923076923,1.0,0.4399615754082613,1.0
0.42929806714140384,1.0,0.5221674876847291,1.0,0.44713870029097963,1.0
0.44170616113744077,1.0,0.46161417322834647,1.0,0.4287158746208291,1.0
0.4456630109670987,1.0,0.4816955684007707,1.0,0.4303921568627451,1.0
0.4453941120607787,1.0,0.4852941176470588,1.0,0.45757864632983797,1.0
0.4143968871595331,1.0,0.4946025515210991,1.0,0.4367704280155642,1.0
0.423038728897716,1.0,0.4386473429951691,1.0,0.4076620825147348,1.0
0.3994082840236686,1.0,0.48330058939096265,1.0,0.44553483807654565,1.0
0.46442307692307694,1.0,0.501466275659824,1.0,0.45090562440419446,1.0
0.4115942028985507,1.0,0.4527750730282376,1.0,0.4448818897637795,1.0
0.47878787878787876,1.0,0.4911242603550296,1.0,0.45759368836291914,1.0
0.4178217821782178,1.0,0.47514910536779326,1.0,0.4805447470817121,1.0
0.43933463796477495,1.0,0.44022770398481975,1.0,0.40810276679841895,1.0
0.4482758620689655,1.0,0.4896142433234421,1.0,0.4555229716520039,1.0
0.438953488372093,1.0,0.44498539435248297,1.0,0.4502868068833652,1.0
0.4631578947368421,1.0,0.49167482859941236,1.0,0.4172447968285431,1.0
0.4416243654822335,1.0,0.4548133595284872,1.0,0.45585412667946257,1.0
0.44563106796116503,1.0,0.4317521781219748,1.0,0.4356929212362911,1.0
0.4689589302769819,1.0,0.4393792434529583,1.0,0.41389432485322897,1.0
0.4354995150339476,1.0,0.5165692007797271,1.0,0.45624385447394294,1.0
0.3990196078431373,1.0,0.4598393574297189,1.0,0.4429268292682927,1.0
0.470935960591133,1.0,0.48243114909781576,1.0,0.4361904761904762,1.0
0.422963689892051,1.0,0.4678988326848249,1.0,0.42814070351758793,1.0
0.3806706114398422,1.0,0.46819085487077533,1.0,0.3967181467181467,1.0
0.44860710854947167,1.0,0.4476093591047813,1.0,0.4471057884231537,1.0
0.44532803180914515,1.0,0.47333956969130025,1.0,0.458955223880597,1.0
0.42995169082125606,1.0,0.4817374136229023,1.0,0.42063492063492064,1.0
0.4471865745310958,1.0,0.485053037608486,1.0,0.47029702970297027,1.0
0.46258503401360546,1.0,0.478134110787172,1.0,0.40227703984819735,1.0
0.43846153846153846,1.0,0.4593535749265426,1.0,0.4339051463168517,1.0
0.42885973763874874,1.0,0.5143992055610725,1.0,0.4424778761061947,1.0
0.43113207547169813,1.0,0.47784200385356457,1.0,0.4061224489795918,1.0
0.3779527559055118,1.0,0.5063663075416258,1.0,0.42804766269477545,1.0
0.4168466522678186,1.0,0.5139442231075697,1.0,0.43700787401574803,1.0
0.4540441176470588,1.0,0.4714424007744434,1.0,0.39557266602502406,1.0
0.4128970163618864,1.0,0.5111542192046556,1.0,0.4362017804154303,1.0
0.39022051773729627,1.0,0.5371819960861057,1.0,0.4174757281553398,1.0
0.4647342995169082,1.0,0.47880539499036606,1.0,0.4236111111111111,1.0
0.4060665362035225,1.0,0.5082926829268293,1.0,0.3915603532875368,1.0
0.4175715695952616,1.0,0.48496605237633367,1.0,0.3889427740058196,1.0
0.4594059405940594,1.0,0.5127952755905512,1.0,0.43474088291746643,1.0
0.4511581067472306,1.0,0.4388560157790927,1.0,0.3649851632047478,1.0
0.4715219421101774,1.0,0.5259615384615385,1.0,0.415506958250497,1.0
0.41779497098646035,1.0,0.48662551440329216,1.0,0.4528846153846154,1.0
0.44346978557504874,1.0,0.4946236559139785,1.0,0.42363112391930835,1.0
0.417940876656473,1.0,0.5360531309297912,1.0,0.38354806739345887,1.0
0.4194470924690181,1.0,0.4657534246575342,1.0,0.433300876338851,1.0
0.45366795366795365,1.0,0.5,1.0,0.40485436893203886,1.0
0.38485158648925283,1.0,0.5404878048780488,1.0,0.43206256109481916,1.0
0.4398496240601504,1.0,0.4887585532746823,1.0,0.3992248062015504,1.0
0.4380081300813008,1.0,0.4844221105527638,1.0,0.387434554973822,1.0
0.4117073170731707,1.0,0.48026315789473684,1.0,0.4238143289606458,1.0
0.4412050534499514,1.0,0.5495049504950495,1.0,0.43039126478616924,1.0
0.4169847328244275,1.0,0.5024295432458697,1.0,0.4265450861195542,1.0
0.4225621414913958,1.0,0.4628180039138943,1.0,0.37888198757763975,1.0
0.43083421330517424,1.0,0.49902152641878667,1.0,0.3742384682332463,1.0
0.45049954586739327,1.0,0.5363457760314342,1.0,0.3879396984924623,1.0
0.4199604743083004,1.0,0.5275049115913556,1.0,0.3955078125,1.0
0.4509232264334305,1.0,0.4492753623188406,1.0,0.402081362346263,1.0
0.4155206286836935,1.0,0.5240847784200385,1.0,0.37733990147783253,1.0
0.458984375,1.0,0.4760956175298805,1.0,0.4,1.0
0.4025695931477516,1.0,0.4772065955383123,1.0,0.4166666666666667,1.0
0.4403183023872679,1.0,0.538160469667319,1.0,0.37874396135265703,1.0
0.4409687184661958,1.0,0.4826254826254826,1.0,0.4023354564755839,1.0
0.3961352657004831,1.0,0.4812182741116751,1.0,0.3861997940267765,1.0
0.44967880085653106,1.0,0.564625850340136,1.0,0.42160278745644597,1.0
0.42731277533039647,1.0,0.5161596958174905,1.0,0.40372670807453415,1.0
0.41919191919191917,1.0,0.47373637264618434,1.0,0.4229122055674518,1.0
0.4095238095238095,1.0,0.5076775431861804,1.0,0.38908145580589254,1.0
0.4517593643586833,1.0,0.485,1.0,0.38915779283639884,1.0
0.42529711375212226,1.0,0.5224358974358975,1.0,0.3832460732984293,1.0
0.41286307053941906,1.0,0.5367775831873906,1.0,0.4063348416289593,1.0
0.436241610738255,1.0,0.5,1.0,0.3914313534566699,1.0
0.43208661417322836,1.0,0.5129186602870813,1.0,0.40681362725450904,1.0
0.44140625,1.0,0.506454816285998,1.0,0.3918918918918919,1.0
0.44034917555771097,1.0,0.48627450980392156,1.0,0.41901776384535006,1.0
0.42193675889328064,1.0,0.4941972920696325,1.0,0.39675383228133454,1.0
0.40195121951219515,1.0,0.5112634671890304,1.0,0.42217898832684825,1.0
0.41182266009852214,1.0,0.4887365328109696,1.0,0.3974358974358974,1.0
0.41650485436893203,1.0,0.5057692307692307,1.0,0.39226519337016574,1.0
0.4087932647333957,1.0,0.4832347140039448,1.0,0.4474708171206226,1.0
0.4492146596858639,1.0,0.5471331389698737,1.0,0.44401913875598087,1.0
0.4087193460490463,1.0,0.5343811394891945,1.0,0.44221105527638194,1.0
0.4139626352015733,1.0,0.5400966183574879,1.0,0.39520958083832336,1.0
0.466802860061287,1.0,0.5107843137254902,1.0,0.42334322453016815,1.0
0.4343339587242026,1.0,0.5304518664047151,1.0,0.38688212927756654,1.0
0.38477801268498946,1.0,0.5481049562682215,1.0,0.425,1.0
0.3822992700729927,1.0,0.5487551867219918,1.0,0.4241516966067864,1.0
0.41000962463907603,1.0,0.5142045454545454,1.0,0.45519348268839105,1.0
0.426197458455523,1.0,0.4894230769230769,1.0,0.3970722781335773,1.0
0.4597349643221203,1.0,0.5019455252918288,1.0,0.3670886075949367,1.0
0.4525691699604743,1.0,0.521484375,1.0,0.41389728096676737,1.0
0.46110056925996207,1.0,0.5108267716535433,1.0,0.4074074074074074,1.0
0.4750762970498474,1.0,0.5334608030592735,1.0,0.39666357738646896,1.0
0.41042047531992687,1.0,0.5871470301850049,1.0,0.43098311817279045,1.0
0.42825848849945236,1.0,0.5563173359451518,1.0,0.40603015075376886,1.0
0.4213780918727915,1.0,0.5607843137254902,1.0,0.3910891089108911,1.0
0.4743202416918429,1.0,0.5181550539744848,1.0,0.3610603290676417,1.0
0.4593716143011918,1.0,0.5239024390243903,1.0,0.4067796610169492,1.0
0.4096045197740113,1.0,0.5804480651731161,1.0,0.3475314617618587,1.0
0.4145854145854146,1.0,0.5064814814814815,1.0,0.4034552845528455,1.0
0.42123893805309737,1.0,0.5188968335035751,1.0,0.4452054794520548,1.0
0.4763819095477387,1.0,0.5663217309501412,1.0,0.367112810707457,1.0
0.43166823751178135,1.0,0.5737051792828686,1.0,0.40253411306042886,1.0
0.4270109235352532,1.0,0.4811957569913211,1.0,0.42940038684719534,1.0
0.42492639842983315,1.0,0.5772994129158513,1.0,0.38966202783300197,1.0
0.4150197628458498,1.0,0.5202369200394866,1.0,0.3938814531548757,1.0
0.4293785310734463,1.0,0.5400192864030858,1.0,0.4509415262636274,1.0
0.40631163708086787,1.0,0.598825831702544,1.0,0.437015503875969,1.0
0.42003853564547206,1.0,0.584390243902439,1.0,0.4610951008645533,1.0
0.4059113300492611,1.0,0.5722543352601156,1.0,0.4372384937238494,1.0
0.4323499491353001,1.0,0.5313463514902363,1.0,0.42138939670932357,1.0
0.4785046728971963,1.0,0.5898661567877629,1.0,0.38437821171634123,1.0
0.3945233265720081,1.0,0.527235354573484,1.0,0.43028624192059095,1.0
0.4481086323957323,1.0,0.5633672525439408,1.0,0.4448780487804878,1.0
0.4549763033175355,1.0,0.5816857440166493,1.0,0.43618090452261304,1.0
0.4005876591576885,1.0,0.5347288296860133,1.0,0.39596602972399153,1.0
0.4419831223628692,1.0,0.5270541082164328,1.0,0.37274368231046934,1.0
0.4168336673346693,1.0,0.5432780847145487,1.0,0.3842364532019704,1.0
0.4363295880149813,1.0,0.5766283524904214,1.0,0.40152963671128106,1.0
0.40399239543726234,1.0,0.5636007827788649,1.0,0.4227005870841487,1.0
0.4652049571020019,1.0,0.5850746268656717,1.0,0.431513903192585,1.0
0.3788328387734916,1.0,0.5322740814299901,1.0,0.43548387096774194,1.0
0.41631799163179917,1.0,0.530188679245283,1.0,0.3994360902255639,1.0
0.43333333333333335,1.0,0.5786290322580645,1.0,0.4103547459252157,1.0
0.39622641509433965,1.0,0.5673352435530086,1.0,0.4355769230769231,1.0
0.38529411764705884,1.0,0.5299492385786801,1.0,0.40956937799043064,1.0
0.42184154175588867,1.0,0.5689981096408318,1.0,0.42115572967678744,1.0
0.43755615453728663,1.0,0.631376323387873,1.0,0.436289500509684,1.0
0.4207436399217221,1.0,0.5571002979145978,1.0,0.4407766990291262,1.0
0.37362637362637363,1.0,0.5965447154471545,1.0,0.4173829990448902,1.0
0.3857404021937843,1.0,0.5168650793650794,1.0,0.4010204081632653,1.0
0.4012345679012346,1.0,0.5565777368905244,1.0,0.46115537848605576,1.0
0.40177690029615004,1.0,0.6259765625,1.0,0.4188191881918819,1.0
0.4814159292035398,1.0,0.5982490272373541,1.0,0.49435897435897436,1.0
0.35437430786268,1.0,0.5367573011077543,1.0,0.40227703984819735,1.0
0.38224956063268895,1.0,0.6509615384615385,1.0,0.4612159329140461,1.0
0.4251734390485629,1.0,0.5488867376573088,1.0,0.46630727762803237,1.0
0.45326633165829144,1.0,0.596039603960396,1.0,0.4497863247863248,1.0
0.3808080808080808,1.0,0.600597609561753,1.0,0.4186666666666667,1.0
0.4936131386861314,1.0,0.6153050672182007,1.0,0.43398058252427185,1.0
0.3891891891891892,1.0,0.5984174085064293,1.0,0.4349240780911063,1.0
0.43624772313296906,1.0,0.5548726953467954,1.0,0.4066130473637176,1.0
0.3726082578046324,1.0,0.542713567839196,1.0,0.45866141732283466,1.0
0.4296094459582198,1.0,0.5601202404809619,1.0,0.4607329842931937,1.0
0.4573947110675808,1.0,0.6191860465116279,1.0,0.43054277828886844,1.0
0.4007936507936508,1.0,0.5880361173814899,1.0,0.4107485604606526,1.0
0.4563758389261745,1.0,0.6251039068994181,1.0,0.4136229022704837,1.0
0.44232698094282846,1.0,0.6215943491422805,1.0,0.5009671179883946,1.0
0.37190900098911966,1.0,0.6538849646821393,1.0,0.4844961240310077,1.0
0.3680078508341511,1.0,0.5376549094375596,1.0,0.45544554455445546,1.0
0.4085714285714286,1.0,0.5606694560669456,1.0,0.41129831516352827,1.0
0.42021803766105054,1.0,0.5783450704225352,1.0,0.4514285714285714,1.0
0.38646788990825687,1.0,0.6167487684729064,1.0,0.4124629080118694,1.0
0.41987466427931963,1.0,0.6288252714708786,1.0,0.45515911282545807,1.0
0.382032667876588,1.0,0.6348258706467662,1.0,0.5195227765726681,1.0
0.4693069306930693,1.0,0.5428296438883542,1.0,0.420627802690583,1.0
0.5180360721442886,1.0,0.5948361469712016,1.0,0.3879837067209776,1.0
0.3728813559322034,1.0,0.5740181268882175,1.0,0.4427966101694915,1.0
0.5021097046413502,1.0,0.6440839694656488,1.0,0.4423963133640553,1.0
0.421455938697318,1.0,0.6407857811038353,1.0,0.4318181818181818,1.0
0.47102803738317756,1.0,0.608739837398374,1.0,0.38353413654618473,1.0
0.36751269035532996,1.0,0.5947219604147032,1.0,0.41205533596837945,1.0
0.40726933830382106,1.0,0.6282450674974039,1.0,0.40616500453309157,1.0
0.4306930693069307,1.0,0.6172199170124482,1.0,0.4341317365269461,1.0
0.41165234001910217,1.0,0.5457013574660633,1.0,0.4644595910418695,1.0
0.4155712841253792,1.0,0.6064638783269962,1.0,0.45463228271251194,1.0
0.36752988047808766,1.0,0.5221579961464354,1.0,0.4653658536585366,1.0
0.39919354838709675,1.0,0.5359605911330049,1.0,0.38696109358569925,1.0
0.4305835010060362,1.0,0.6736526946107785,1.0,0.45925925925925926,1.0
0.4505703422053232,1.0,0.5680076628352491,1.0,0.4605009633911368,1.0
0.4092940125111707,1.0,0.5474919957310566,1.0,0.4667328699106256,1.0
0.48004094165813715,1.0,0.5539568345323741,1.0,0.40294117647058825,1.0
0.4547187797902765,1.0,0.5836614173228346,1.0,0.41355599214145383,1.0
0.4501953125,1.0,0.5461767626613704,1.0,0.3944223107569721,1.0
0.4902597402597403,1.0,0.5774783445620789,1.0,0.5132075471698113,1.0
0.36202307009760426,1.0,0.6379477250726041,1.0,0.41886409736308317,1.0
0.42572283150548357,1.0,0.6057201225740552,1.0,0.45987654320987653,1.0
0.30913091309130913,1.0,0.6457357075913777,1.0,0.4358744394618834,1.0
0.38362465501379944,1.0,0.576961271102284,1.0,0.4186284544524053,1.0
0.4098360655737705,1.0,0.5566037735849056,1.0,0.3897795591182365,1.0
0.35865384615384616,1.0,0.5887662988966901,1.0,0.41704857928505956,1.0
0.4243027888446215,1.0,0.5223171889838556,1.0,0.4552605703048181,1.0
0.5158974358974359,1.0,0.6291585127201565,1.0,0.44356435643564357,1.0
0.3895619757688723,1.0,0.6901688182720953,1.0,0.4762376237623762,1.0
0.38755020080321284,1.0,0.5931372549019608,1.0,0.4332372718539865,1.0
0.4339440694310511,1.0,0.7061105722599418,1.0,0.5056497175141242,1.0
0.4202077431539188,1.0,0.6333333333333333,1.0,0.4124748490945674,1.0
0.48234106962663975,1.0,0.6036400404448938,1.0,0.4402332361516035,1.0
0.38813229571984437,1.0,0.6126295947219604,1.0,0.42433234421364985,1.0
0.3993839835728953,1.0,0.6085686465433301,1.0,0.33268101761252444,1.0
0.39741035856573703,1.0,0.6078224101479915,1.0,0.4594059405940594,1.0
0.3892988929889299,1.0,0.6469517743403094,1.0,0.47342995169082125,1.0
0.43071965628356607,1.0,0.616822429906542,1.0,0.4768211920529801,1.0
0.4246305418719212,1.0,0.6393110435663627,1.0,0.46394984326018807,1.0
0.4296875,1.0,0.6704545454545454,1.0,0.43920145190562615,1.0
0.4326315789473684,1.0,0.6096654275092936,1.0,0.4577922077922078,1.0
0.5009596928982726,1.0,0.5916429249762583,1.0,0.4192966636609558,1.0
0.3049119555143652,1.0,0.6791845493562232,1.0,0.5014492753623189,1.0
0.4616915422885572,1.0,0.5627864344637947,1.0,0.44834307992202727,1.0
0.3597328244274809,1.0,0.5715676728334956,1.0,0.4486772486772487,1.0
0.4177071509648127,1.0,0.5300387596899225,1.0,0.42574257425742573,1.0
0.413884007029877,1.0,0.6092436974789915,1.0,0.37114337568058076,1.0
0.388468809073724,1.0,0.504102096627165,1.0,0.46814964610717896,1.0
0.5678642714570858,1.0,0.6791907514450867,1.0,0.4217432052483599,1.0
0.45670103092783504,1.0,0.5766208251473477,1.0,0.5094152626362736,1.0
0.39206642066420666,1.0,0.6350662589194699,1.0,0.463855421686747,1.0
0.3810916179337232,1.0,0.43419788664745435,1.0,0.5120540019286403,1.0
0.47256438969764836,1.0,0.5789473684210527,1.0,0.4491525423728814,1.0
0.40937781785392247,1.0,0.6989247311827957,1.0,0.4591651542649728,1.0
0.3577545195052331,1.0,0.6649214659685864,1.0,0.4716446124763705,1.0
0.458546571136131,1.0,0.5752051048313582,1.0,0.501466275659824,1.0
0.4215867158671587,1.0,0.6119554204660588,1.0,0.4916911045943304,1.0
0.34357848518111966,1.0,0.6032504780114722,1.0,0.44432882414151925,1.0
0.3285568065506653,1.0,0.5076335877862596,1.0,0.4325897187196896,1.0
0.4032957502168257,1.0,0.6378802747791953,1.0,0.42338709677419356,1.0
0.4357894736842105,1.0,0.5333333333333333,1.0,0.5191956124314442,1.0
0.2427947598253275,1.0,0.5933831376734259,1.0,0.49533799533799533,1.0
0.48335015136226034,1.0,0.6218181818181818,1.0,0.48883374689826303,1.0
0.4165863066538091,1.0,0.6613065326633166,1.0,0.5232323232323233,1.0
0.3844660194174757,1.0,0.5873340143003064,1.0,0.4619289340101523,1.0
0.5227934044616876,1.0,0.5345291479820627,1.0,0.4024856596558317,1.0
0.41598360655737704,1.0,0.6327345309381237,1.0,0.5528531337698784,1.0
0.3746192893401015,1.0,0.6153846153846154,1.0,0.4499504459861249,1.0
0.3788706739526412,1.0,0.6093906093906094,1.0,0.47373447946513847,1.0
0.4383282364933741,1.0,0.6090452261306533,1.0,0.5438247011952191,1.0
0.48140495867768596,1.0,0.6058601134215501,1.0,0.43951612903225806,1.0
0.35694572217111314,1.0,0.5777548918640577,1.0,0.5110258868648131,1.0
0.43084577114427863,1.0,0.5615171137835338,1.0,0.4262607040913416,1.0
0.41040462427745666,1.0,0.472007722007722,1.0,0.5447598253275109,1.0
0.38755020080321284,1.0,0.6845360824742268,1.0,0.4658780709736124,1.0
0.4737967914438503,1.0,0.5140640155189137,1.0,0.3711340206185567,1.0
0.448,1.0,0.6679764243614931,1.0,0.4860234445446348,1.0
0.4332425068119891,1.0,0.7490636704119851,1.0,0.44625407166123776,1.0
0.4601412714429869,1.0,0.6709108716944172,1.0,0.617533718689788,1.0
0.4128970163618864,1.0,0.5966981132075472,1.0,0.5139013452914798,1.0
0.34368530020703936,1.0,0.6055555555555555,1.0,0.5084364454443194,1.0
0.43981900452488687,1.0,0.5656565656565656,1.0,0.455026455026455,1.0
0.4749232343909928,1.0,0.5840978593272171,1.0,0.3887733887733888,1.0
0.47181008902077154,1.0,0.5371530886302597,1.0,0.4447592067988669,1.0
0.5321001088139282,1.0,0.4408284023668639,1.0,0.3846899224806202,1.0
0.4144796380090498,1.0,0.7025738798856054,1.0,0.4836795252225519,1.0
0.4329896907216495,1.0,0.5507726269315674,1.0,0.45200372786579684,1.0
0.4314096499526963,1.0,0.5186219739292365,1.0,0.35054617676266137,1.0
0.391304347826087,1.0,0.4612579762989973,1.0,0.49271137026239065,1.0
0.5194416749750748,1.0,0.5971370143149284,1.0,0.4213197969543147,1.0
0.5119521912350598,1.0,0.6626281453867661,1.0,0.5580110497237569,1.0
0.3415841584158416,1.0,0.6907630522088354,1.0,0.5382293762575453,1.0
0.4538310412573674,1.0,0.6102021174205967,1.0,0.5267665952890792,1.0
0.4824074074074074,1.0,0.520039100684262,1.0,0.5345744680851063,1.0
0.5827586206896552,1.0,0.6271844660194175,1.0,0.41879350348027844,1.0
0.43287435456110157,1.0,0.609100310237849,1.0,0.42572614107883816,1.0
0.4783526927138332,1.0,0.5796676441837733,1.0,0.4460431654676259,1.0
0.5183098591549296,1.0,0.5024437927663734,1.0,0.4677871148459384,1.0
0.5652591170825336,1.0,0.6087844739530133,1.0,0.5111111111111111,1.0
0.6290630975143403,1.0,0.5550660792951542,1.0,0.4530493707647628,1.0
0.4021857923497268,1.0,0.6617063492063492,1.0,0.5619596541786743,1.0
0.38857677902621723,1.0,0.5527426160337553,1.0,0.4746588693957115,1.0
0.6639418710263397,1.0,0.5998151571164511,1.0,0.5497435897435897,1.0
0.48430962343096234,1.0,0.590566037735849,1.0,0.5307835820895522,1.0
0.37258509659613614,1.0,0.4774972557628979,1.0,0.4665249734325186,1.0
0.3343195266272189,1.0,0.44783010156971376,1.0,0.4756657483930211,1.0
0.5264677574590952,1.0,0.5554511278195489,1.0,0.3685741998060136,1.0
0.4700193423597679,1.0,0.7096092925026399,1.0,0.5241025641025641,1.0
0.4305408271474019,1.0,0.49146110056925996,1.0,0.5274177467597209,1.0
0.48490749756572543,1.0,0.6045548654244306,1.0,0.5053533190578159,1.0
0.39548577036310106,1.0,0.5440222428174235,1.0,0.40402347024308466,1.0
0.46516613076098606,1.0,0.5408745247148289,1.0,0.4833984375,1.0
0.47304832713754646,1.0,0.4301288404360753,1.0,0.5904471544715447,1.0
0.5032377428307123,1.0,0.5751445086705202,1.0,0.5220243673851921,1.0
0.32507739938080493,1.0,0.690700104493208,1.0,0.5020876826722338,1.0
0.4332399626517274,1.0,0.48985507246376814,1.0,0.4652014652014652,1.0
0.4415718717683557,1.0,0.467280163599182,1.0,0.5476694915254238,1.0
0.474025974025974,1.0,0.45610859728506786,1.0,0.45951219512195124,1.0
0.4522232734153264,1.0,0.49953746530989823,1.0,0.4798029556650246,1.0
0.39902439024390246,1.0,0.5690499510284035,1.0,0.5532302092811647,1.0
0.43711340206185567,1.0,0.5438972162740899,1.0,0.5475475475475475,1.0
0.36149732620320857,1.0,0.48934010152284263,1.0,0.5384615384615384,1.0
0.32858340318524726,1.0,0.45958219800181654,1.0,0.5278048780487805,1.0
0.41810783316378436,1.0,0.5265225933202358,1.0,0.5751697381183317,1.0
0.3814814814814815,1.0,0.5116279069767442,1.0,0.6001974333662389,1.0
0.528032619775739,1.0,0.5320910973084886,1.0,0.512291052114061,1.0
0.3611111111111111,1.0,0.5551181102362205,1.0,0.5565388397246804,1.0
0.37315010570824525,1.0,0.5374625374625375,1.0,0.6481876332622601,1.0
0.36142322097378277,1.0,0.5186246418338109,1.0,0.6240474174428451,1.0
0.5442684063373718,1.0,0.4351145038167939,1.0,0.43354430379746833,1.0
0.41684901531728663,1.0,0.46766169154228854,1.0,0.49530956848030017,1.0
0.5387596899224806,1.0,0.5782901056676273,1.0,0.39317953861584753,1.0
0.5075154730327144,1.0,0.5189620758483033,1.0,0.5694183864915572,1.0
0.45654565456545654,1.0,0.491869918699187,1.0,0.5583424209378408,1.0
0.4809688581314879,1.0,0.4309859154929577,1.0,0.525243578387954,1.0
0.6356132075471698,1.0,0.4014300306435138,1.0,0.6255274261603375,1.0
0.5514440433212996,1.0,0.5149253731343284,1.0,0.6923758865248227,1.0
0.45716945996275604,1.0,0.673992673992674,1.0,0.5120967741935484,1.0
0.5020080321285141,1.0,0.5240480961923848,1.0,0.5510204081632653,1.0
0.5567665758401453,1.0,0.34516129032258064,1.0,0.6160337552742616,1.0
0.5289855072463768,1.0,0.5992179863147605,1.0,0.6204986149584487,1.0
0.4392430278884462,1.0,0.5709281961471103,1.0,0.5976702508960573,1.0
0.47130761994355597,1.0,0.6073245167853509,1.0,0.5767991407089151,1.0
0.3352999016715831,1.0,0.4510250569476082,1.0,0.5597014925373134,1.0
0.36067297581493163,1.0,0.4727427597955707,1.0,0.413510747185261,1.0
0.4148471615720524,1.0,0.4270931326434619,1.0,0.525,1.0
0.44329896907216493,1.0,0.520242914979757,1.0,0.4473684210526316,1.0
0.4762348555452004,1.0,0.5970731707317073,1.0,0.5186335403726708,1.0
0.3621197252208047,1.0,0.34866310160427805,1.0,0.425,1.0
0.46405919661733613,1.0,0.5216535433070866,1.0,0.531496062992126,1.0
0.5146198830409356,1.0,0.577,1.0,0.6005586592178771,1.0
0.4567757009345794,1.0,0.4708171206225681,1.0,0.42325056433408575,1.0
0.534453781512605,1.0,0.5461767626613704,1.0,0.4105480868665977,1.0
0.5081799591002045,1.0,0.3815126050420168,1.0,0.6584723441615452,1.0
0.49145299145299143,1.0,0.6343042071197411,1.0,0.5014985014985015,1.0
0.47619047619047616,1.0,0.44035874439461886,1.0,0.36339285714285713,1.0
0.4710900473933649,1.0,0.4666666666666667,1.0,0.526100307062436,1.0
0.560952380952381,1.0,0.49226569608735216,1.0,0.5413223140495868,1.0
0.5315947843530592,1.0,0.44432194046306506,1.0,0.6083112290008842,1.0
0.5405128205128205,1.0,0.44321329639889195,1.0,0.4902173913043478,1.0
0.3630393996247655,1.0,0.6129032258064516,1.0,0.4452479338842975,1.0
0.5013333333333333,1.0,0.38333333333333336,1.0,0.627017841971113,1.0
0.5772681954137587,1.0,0.4694783573806881,1.0,0.511340206185567,1.0
0.40064446831364126,1.0,0.5288808664259927,1.0,0.5837231057062675,1.0
0.5416666666666666,1.0,0.5440729483282675,1.0,0.41939120631341603,1.0
0.5553121577217963,1.0,0.5185567010309279,1.0,0.48853016142735767,1.0
0.4140127388535032,1.0,0.42581211589113255,1.0,0.5382131324004306,1.0
0.6698412698412698,1.0,0.6064718162839249,1.0,0.5489815712900097,1.0
0.33207902163687675,1.0,0.4589515331355094,1.0,0.48544600938967136,1.0
0.5346901017576319,1.0,0.38095238095238093,1.0,0.518640350877193,1.0
0.47952047952047955,1.0,0.5057603686635944,1.0,0.5203619909502263,1.0
0.45671641791044776,1.0,0.6239234449760765,1.0,0.39178356713426854,1.0
0.5402405180388529,1.0,0.5008517887563884,1.0,0.5306532663316583,1.0
0.39139344262295084,1.0,0.4411196911196911,1.0,0.5,1.0
0.5544444444444444,1.0,0.6425992779783394,1.0,0.5198675496688742,1.0
0.3867924528301887,1.0,0.645075421472937,1.0,0.6510416666666666,1.0
0.5275590551181102,1.0,0.3975448536355052,1.0,0.5633047210300429,1.0
0.5145539906103287,1.0,0.49731471535982813,1.0,0.5690909090909091,1.0
0.5353319057815846,1.0,0.46320754716981133,1.0,0.44285714285714284,1.0
0.4521819870009285,1.0,0.4408084696823869,1.0,0.4360146252285192,1.0
0.6316776007497656,1.0,0.37396883593033914,1.0,0.6322916666666667,1.0
0.6772908366533864,1.0,0.5075901328273245,1.0,0.5411423039690223,1.0
0.46795523906408953,1.0,0.5949119373776908,1.0,0.45217391304347826,1.0
0.35764235764235763,1.0,0.4131147540983607,1.0,0.39104477611940297,1.0
0.5317604355716878,1.0,0.4315886134067952,1.0,0.4571686203787196,1.0
0.47904191616766467,1.0,0.651031894934334,1.0,0.49800399201596807,1.0
0.4064587973273942,1.0,0.49889135254988914,1.0,0.4912109375,1.0
0.387037037037037,1.0,0.41134113411341133,1.0,0.5676728334956183,1.0
0.49798387096774194,1.0,0.3704819277108434,1.0,0.5375661375661376,1.0
0.37488196411709157,1.0,0.3681687440076702,1.0,0.44802867383512546,1.0
0.466786355475763,1.0,0.42077649527806926,1.0,0.5252918287937743,1.0
0.47613636363636364,1.0,0.4340770791075051,1.0,0.42735042735042733,1.0
0.3827375762859634,1.0,0.5363321799307958,1.0,0.5060577819198508,1.0
0.5600375234521576,1.0,0.4304568527918782,1.0,0.652049571020019,1.0
0.3960964408725603,1.0,0.6525515743756786,1.0,0.4985507246376812,1.0
0.3941018766756032,1.0,0.5940783190066857,1.0,0.5624256837098692,1.0
0.4698318496538081,1.0,0.300179211469534,1.0,0.5989583333333334,1.0
0.5577557755775577,1.0,0.4262910798122066,1.0,0.6167279411764706,1.0
0.4109195402298851,1.0,0.3408360128617363,1.0,0.5330490405117271,1.0
0.41129831516352827,1.0,0.41979835013748856,1.0,0.4896174863387978,1.0
0.4579273693534101,1.0,0.3400770712909441,1.0,0.6313088109495295,1.0
0.44626593806921677,1.0,0.5559071729957806,1.0,0.46063829787234045,1.0
0.4949186991869919,1.0,0.46722068328716526,1.0,0.5503943908851884,1.0
0.4878048780487805,1.0,0.4172972972972973,1.0,0.5945683802133851,1.0
0.47139588100686497,1.0,0.5386620330147698,1.0,0.5317725752508361,1.0
0.4754521963824289,1.0,0.5384615384615384,1.0,0.5564236111111112,1.0
0.503030303030303,1.0,0.3425925925925926,1.0,0.45784313725490194,1.0
0.5029013539651838,1.0,0.5202127659574468,1.0,0.6291913214990138,1.0
0.41862955032119914,1.0,0.40671641791044777,1.0,0.5172413793103449,1.0
0.5791701947502117,1.0,0.35543278084714547,1.0,0.45560253699788583,1.0
0.5966735966735967,1.0,0.28823529411764703,1.0,0.5101351351351351,1.0
0.4002145922746781,1.0,0.32727272727272727,1.0,0.49264705882352944,1.0
0.6851851851851852,1.0,0.4490010515247108,1.0,0.48447789275634995,1.0
0.5737874097007224,1.0,0.41327433628318583,1.0,0.5531707317073171,1.0
0.5219260533104041,1.0,0.4585365853658537,1.0,0.5398587285570131,1.0
0.5510416666666667,1.0,0.5442307692307692,1.0,0.5450861195542046,1.0
0.48481880509304603,1.0,0.4281009879253567,1.0,0.5753899480069324,1.0
0.6192703461178671,1.0,0.3616822429906542,1.0,0.4985133795837463,1.0
0.45714285714285713,1.0,0.37659783677482794,1.0,0.5296703296703297,1.0
0.46065259117082535,1.0,0.44904458598726116,1.0,0.4196689386562804,1.0
0.3707627118644068,1.0,0.5845454545454546,1.0,0.6356107660455487,1.0
0.5326278659611993,1.0,0.3798449612403101,1.0,0.488,1.0
0.5254604550379198,1.0,0.38979963570127507,1.0,0.47254725472547254,1.0
0.4645354645354645,1.0,0.6353467561521253,1.0,0.48778103616813295,1.0
0.4228310502283105,1.0,0.442,1.0,0.5707547169811321,1.0
0.4363438520130577,1.0,0.5252707581227437,1.0,0.4788135593220339,1.0
0.4591304347826087,1.0,0.4723618090452261,1.0,0.6300448430493274,1.0
0.6354625550660793,1.0,0.4713313896987366,1.0,0.581067472306143,1.0
0.5935114503816794,1.0,0.34190782422293675,1.0,0.6033834586466166,1.0
0.5633270321361059,1.0,0.3873794916739702,1.0,0.5670955882352942,1.0
0.5356773526370218,1.0,0.3794683776351971,1.0,0.526579739217653,1.0
0.4201127819548872,1.0,0.6,1.0,0.5548387096774193,1.0
0.4786821705426357,1.0,0.4682203389830508,1.0,0.4943289224952741,1.0
0.533953488372093,1.0,0.5341400172860847,1.0,0.4894472361809045,1.0
0.5688847235238987,1.0,0.5692148760330579,1.0,0.5737179487179487,1.0
0.5346420323325635,1.0,0.4696132596685083,1.0,0.6211293260473588,1.0
0.40359897172236503,1.0,0.49608062709966405,1.0,0.5854368932038835,1.0
0.6161616161616161,1.0,0.42745098039215684,1.0,0.5538922155688623,1.0
0.4805327868852459,1.0,0.5004248088360238,1.0,0.5326633165829145,1.0
0.3756294058408862,1.0,0.579408543263965,1.0,0.571969696969697,1.0
0.5493934142114385,1.0,0.4894894894894895,1.0,0.5422602089268755,1.0
0.36490850376749195,1.0,0.490547263681592,1.0,0.4185823754789272,1.0
0.48882931188561213,1.0,0.6230314960629921,1.0,0.5355731225296443,1.0
0.5750736015701668,1.0,0.45072836332476435,1.0,0.5487404162102957,1.0
0.4590952839268527,1.0,0.5041928721174004,1.0,0.48636763412489004,1.0
0.4315270935960591,1.0,0.5347544022242817,1.0,0.5265348595213319,1.0
0.5509803921568628,1.0,0.5365079365079365,1.0,0.5985324947589099,1.0
0.4547244094488189,1.0,0.5465328467153284,1.0,0.49340369393139843,1.0
0.5060483870967742,1.0,0.528125,1.0,0.5891625615763547,1.0
0.42084942084942084,1.0,0.5155513666352498,1.0,0.5551366635249765,1.0
0.515527950310559,1.0,0.5609243697478992,1.0,0.6041666666666666,1.0
0.4264705882352941,1.0,0.38783269961977185,1.0,0.5649606299212598,1.0
0.5230326295585412,1.0,0.495583038869258,1.0,0.5216535433070866,1.0
0.4674329501915709,1.0,0.37442396313364057,1.0,0.5522531160115053,1.0
0.5031166518254675,1.0,0.5608040201005026,1.0,0.5674373795761078,1.0
0.443701226309922,1.0,0.3680365296803653,1.0,0.484,1.0
0.5552699228791774,1.0,0.5868544600938967,1.0,0.42083333333333334,1.0
0.3294685990338164,1.0,0.44676616915422884,1.0,0.5220306513409961,1.0
0.5023809523809524,1.0,0.4815205913410771,1.0,0.5389408099688473,1.0
0.6104651162790697,1.0,0.4770554493307839,1.0,0.5801594331266607,1.0
0.3374358974358974,1.0,0.4627450980392157,1.0,0.4536082474226804,1.0
0.40423572744014735,1.0,0.45711759504862953,1.0,0.4898419864559819,1.0
0.4481409001956947,1.0,0.4799588900308325,1.0,0.5833333333333334,1.0
0.5507692307692308,1.0,0.4095528455284553,1.0,0.5174757281553398,1.0
0.49150943396226415,1.0,0.5363475177304965,1.0,0.502079002079002,1.0
0.44879518072289154,1.0,0.4891518737672584,1.0,0.5958904109589042,1.0
0.5154228855721393,1.0,0.48640776699029126,1.0,0.5217853347502657,1.0
0.4161616161616162,1.0,0.5254413291796469,1.0,0.4649805447470817,1.0
0.49177153920619554,1.0,0.4495884773662551,1.0,0.6393782383419689,1.0
0.37731958762886597,1.0,0.5843478260869566,1.0,0.5218198700092851,1.0
0.6128133704735376,1.0,0.4444444444444444,1.0,0.404,1.0
0.5112781954887218,1.0,0.4439208294062206,1.0,0.5493333333333333,1.0
0.5416666666666666,1.0,0.527536231884058,1.0,0.51165371809101,1.0
0.6650049850448654,1.0,0.412472647702407,1.0,0.41465594280607687,1.0
0.5979166666666667,1.0,0.43765903307888043,1.0,0.5458290422245108,1.0
0.6267672007540056,1.0,0.44,1.0,0.5178236397748592,1.0
0.497029702970297,1.0,0.5378858746492049,1.0,0.5287356321839081,1.0
0.3166332665330661,1.0,0.3865546218487395,1.0,0.5689810640216412,1.0
0.4279359430604982,1.0,0.5806794055201698,1.0,0.5305067218200621,1.0
0.5650319829424307,1.0,0.41862652869238004,1.0,0.5237242614145031,1.0
0.44731977818853974,1.0,0.4768153980752406,1.0,0.4557344064386318,1.0
0.6527237354085603,1.0,0.44264069264069267,1.0,0.48258196721311475,1.0
0.4752851711026616,1.0,0.40325497287522605,1.0,0.48484848484848486,1.0
0.4338235294117647,1.0,0.5548455804046858,1.0,0.5561497326203209,1.0
0.6095534787123572,1.0,0.39587073608617596,1.0,0.6438612933458294,1.0
0.43902439024390244,1.0,0.5693501454898157,1.0,0.5559006211180124,1.0
0.5569334836527621,1.0,0.5537109375,1.0,0.5377049180327869,1.0
0.44282029234737746,1.0,0.4052132701421801,1.0,0.5244003308519437,1.0
0.6176808266360505,1.0,0.445822994210091,1.0,0.6098326359832636,1.0
0.48633364750235625,1.0,0.4613880742913001,1.0,0.45454545454545453,1.0
0.5082872928176796,1.0,0.43478260869565216,1.0,0.5423076923076923,1.0
0.515736040609137,1.0,0.639090909090909,1.0,0.6463878326996197,1.0
0.386128364389234,1.0,0.44454976303317534,1.0,0.5385329619312906,1.0
0.5081495685522531,1.0,0.41430192962542567,1.0,0.4797979797979798,1.0
0.49185336048879835,1.0,0.41854185418541856,1.0,0.48778103616813295,1.0
0.5559322033898305,1.0,0.39037433155080214,1.0,0.5655105973025049,1.0
0.5720823798627003,1.0,0.39471440750213127,1.0,0.4460500963391137,1.0
0.4523135033050047,1.0,0.5540408958130477,1.0,0.4906054279749478,1.0
0.3966131907308378,1.0,0.4922440537745605,1.0,0.6174430128840436,1.0
0.5881753312945973,1.0,0.45121951219512196,1.0,0.37869198312236285,1.0
0.5426997245179064,1.0,0.5267094017094017,1.0,0.5898825654923215,1.0
0.5834319526627219,1.0,0.4630192502532928,1.0,0.44544544544544545,1.0
0.5125448028673835,1.0,0.4238297872340426,1.0,0.5334645669291339,1.0
0.5804123711340207,1.0,0.5,1.0,0.515311510031679,1.0
0.5408866995073892,1.0,0.4198952879581152,1.0,0.48239771646051377,1.0
0.5390134529147982,1.0,0.4699248120300752,1.0,0.46367713004484307,1.0
0.478844169246646,1.0,0.3587245349867139,1.0,0.47134387351778656,1.0
0.6722772277227723,1.0,0.48057713651498335,1.0,0.49167482859941236,1.0
0.5346153846153846,1.0,0.3055028462998102,1.0,0.4767772511848341,1.0
0.4849315068493151,1.0,0.5105973025048169,1.0,0.5791208791208792,1.0
0.3757062146892655,1.0,0.5131221719457013,1.0,0.5431878895814782,1.0
0.6100342075256556,1.0,0.4130859375,1.0,0.5345149253731343,1.0
0.5337904015670911,1.0,0.49888641425389757,1.0,0.4896049896049896,1.0
0.5283018867924528,1.0,0.400679117147708,1.0,0.5638489208633094,1.0
0.4460227272727273,1.0,0.6064073226544623,1.0,0.4630593132154006,1.0
0.4650900900900901,1.0,0.5033365109628217,1.0,0.4525025536261491,1.0
0.4380305602716469,1.0,0.42671292281006074,1.0,0.4595910418695229,1.0
0.4823529411764706,1.0,0.4914914914914915,1.0,0.5241448692152918,1.0
0.5228070175438596,1.0,0.39457831325301207,1.0,0.6095505617977528,1.0
0.5631174533479693,1.0,0.46898496240601506,1.0,0.5020325203252033,1.0
0.4329608938547486,1.0,0.5133079847908745,1.0,0.5723158828748891,1.0
0.5491891891891892,1.0,0.4430523917995444,1.0,0.4734042553191489,1.0
0.5578231292517006,1.0,0.4469964664310954,1.0,0.4666666666666667,1.0
0.6151515151515151,1.0,0.367237687366167,1.0,0.5911602209944752,1.0
0.5948275862068966,1.0,0.44967074317968014,1.0,0.5529953917050692,1.0
0.49948717948717947,1.0,0.5198915009041591,1.0,0.5980392156862745,1.0
0.5308333333333334,1.0,0.4444444444444444,1.0,0.5553021664766249,1.0
0.4468980021030494,1.0,0.512218963831867,1.0,0.6058201058201058,1.0
0.48742138364779874,1.0,0.48115079365079366,1.0,0.43281938325991187,1.0
0.6323024054982818,1.0,0.4225206611570248,1.0,0.5616302186878728,1.0
0.5437743190661478,1.0,0.5168986083499006,1.0,0.45796847635726795,1.0
0.5362173038229376,1.0,0.40888066604995377,1.0,0.4664070107108082,1.0
0.5285252960172229,1.0,0.45750262329485836,1.0,0.5867944621938233,1.0
0.5984329089128305,1.0,0.45694200351493847,1.0,0.5418367346938775,1.0
0.6535087719298246,1.0,0.48257080610021785,1.0,0.5363790186125211,1.0
0.523,1.0,0.42091152815013405,1.0,0.6116071428571429,1.0
0.567,1.0,0.4844533600802407,1.0,0.4952651515151515,1.0
0.49298597194388777,1.0,0.5,1.0,0.4893203883495146,1.0
0.4726911618669315,1.0,0.4310850439882698,1.0,0.6108829568788501,1.0
0.46631205673758863,1.0,0.46887550200803213,1.0,0.6058661778185152,1.0
0.4970414201183432,1.0,0.45499021526418787,1.0,0.532825880114177,1.0
0.5762004175365344,1.0,0.5200400801603207,1.0,0.5075901328273245,1.0
0.403921568627451,1.0,0.3286252354048964,1.0,0.6217821782178218,1.0
0.4263959390862944,1.0,0.5331088664421998,1.0,0.6022727272727273,1.0
0.3818525519848771,1.0,0.46234676007005254,1.0,0.6358267716535433,1.0
0.5444330949948928,1.0,0.49293119698397736,1.0,0.6364605543710021,1.0
0.4625246548323471,1.0,0.5525291828793775,1.0,0.525,1.0
0.4539767649687221,1.0,0.40392561983471076,1.0,0.5659978880675819,1.0
0.44799176107106076,1.0,0.5457842248413418,1.0,0.5572755417956656,1.0
0.3915050784856879,1.0,0.4613733905579399,1.0,0.5574182732606874,1.0
0.6096153846153847,1.0,0.4253798033958892,1.0,0.5098445595854922,1.0
0.415819209039548,1.0,0.4885799404170804,1.0,0.6200396825396826,1.0
0.4105263157894737,1.0,0.49324324324324326,1.0,0.6792792792792792,1.0
0.4891304347826087,1.0,0.46115537848605576,1.0,0.5103926096997691,1.0
0.36656596173212486,1.0,0.45623836126629425,1.0,0.6187607573149742,1.0
0.5495867768595041,1.0,0.48010610079575594,1.0,0.5445920303605313,1.0
0.40559440559440557,1.0,0.48212351029252437,1.0,0.5627659574468085,1.0
0.5254716981132076,1.0,0.462037037037037,1.0,0.5598771750255885,1.0
0.4532803180914513,1.0,0.5172031076581576,1.0,0.576204523107178,1.0
0.5123674911660777,1.0,0.4484581497797357,1.0,0.5576208178438662,1.0
0.6433566433566433,1.0,0.5313075506445673,1.0,0.526,1.0
0.4160079051383399,1.0,0.3870967741935484,1.0,0.5529075309818875,1.0
0.45995670995670995,1.0,0.4182692307692308,1.0,0.4995296331138288,1.0
0.5175585284280937,1.0,0.3787195671776375,1.0,0.5495238095238095,1.0
0.40058479532163743,1.0,0.448,1.0,0.5508771929824562,1.0
0.5506402793946449,1.0,0.5353260869565217,1.0,0.6048237476808905,1.0
0.45693563009972804,1.0,0.4364135407136322,1.0,0.49762131303520457,1.0
0.4527452745274527,1.0,0.49761677788369874,1.0,0.5084388185654009,1.0
0.5087548638132295,1.0,0.4416135881104034,1.0,0.5335689045936396,1.0
0.5051440329218106,1.0,0.4168173598553345,1.0,0.48390151515151514,1.0
0.4671179883945841,1.0,0.49835706462212487,1.0,0.48732083792723263,1.0
0.38468720821662,1.0,0.5072992700729927,1.0,0.5192660550458715,1.0
0.46409989594172735,1.0,0.502844141069397,1.0,0.5416666666666666,1.0
0.4951974386339381,1.0,0.42696629213483145,1.0,0.5881773399014778,1.0
0.4242718446601942,1.0,0.5714285714285714,1.0,0.5381715362865221,1.0
0.37167300380228135,1.0,0.448210922787194,1.0,0.49944008958566627,1.0
0.4602587800369686,1.0,0.49191685912240185,1.0,0.5562283737024222,1.0
0.4015369836695485,1.0,0.45652173913043476,1.0,0.5372340425531915,1.0
0.540398740818468,1.0,0.4863157894736842,1.0,0.45010615711252655,1.0
0.4418145956607495,1.0,0.47974797479747977,1.0,0.5624430264357339,1.0
0.44593202883625127,1.0,0.4751131221719457,1.0,0.6333687566418703,1.0
0.49954995499549953,1.0,0.4875124875124875,1.0,0.5538057742782152,1.0
0.5343580470162749,1.0,0.47474747474747475,1.0,0.4948559670781893,1.0
0.35864978902953587,1.0,0.39377289377289376,1.0,0.43156934306569344,1.0
0.5453720508166969,1.0,0.542572463768116,1.0,0.5227703984819735,1.0
0.6057142857142858,1.0,0.4902962206332993,1.0,0.6028985507246377,1.0
0.4718875502008032,1.0,0.5043731778425656,1.0,0.4579976985040276,1.0
0.6541666666666667,1.0,0.49675625579240035,1.0,0.5982062780269058,1.0
0.6066298342541436,1.0,0.4688128772635815,1.0,0.4972972972972973,1.0
0.4949290060851927,1.0,0.5103305785123967,1.0,0.47394296951819076,1.0
0.4761061946902655,1.0,0.49582947173308617,1.0,0.4866220735785953,1.0
0.5448979591836735,1.0,0.5129740518962076,1.0,0.49107142857142855,1.0
0.47690857681432614,1.0,0.44727272727272727,1.0,0.5085836909871244,1.0
0.5492180312787488,1.0,0.42326980942828485,1.0,0.5259856630824373,1.0
0.5024390243902439,1.0,0.49947423764458465,1.0,0.6382978723404256,1.0
0.5328054298642534,1.0,0.49016100178890876,1.0,0.5228377065111759,1.0
0.47619047619047616,1.0,0.5693832599118943,1.0,0.5765575501583949,1.0
0.4982425307557118,1.0,0.5570342205323194,1.0,0.5626794258373206,1.0
0.5174897119341564,1.0,0.5422343324250681,1.0,0.5594713656387665,1.0
0.5019417475728155,1.0,0.5821989528795811,1.0,0.5010351966873706,1.0
0.5994397759103641,1.0,0.6206896551724138,1.0,0.5519922254616132,1.0
0.5196280991735537,1.0,0.6922348484848485,1.0,0.6550094517958412,1.0
0.5718717683557394,1.0,0.628385698808234,1.0,0.6297029702970297,1.0
0.536108751062022,1.0,0.5915492957746479,1.0,0.6993166287015945,1.0
0.507,1.0,0.7293086660175268,1.0,0.6197318007662835,1.0
0.531,1.0,0.6639839034205232,1.0,0.5107421875,1.0
0.5032740879326474,1.0,0.6785714285714286,1.0,0.5891341256366723,1.0
0.48586956521739133,1.0,0.6139112903225806,1.0,0.5712788259958071,1.0
0.5543792107795957,1.0,0.6224105461393596,1.0,0.6003649635036497,1.0
0.5293569431500466,1.0,0.6956937799043063,1.0,0.6442873969375736,1.0
0.4961067853170189,1.0,0.6478304742684158,1.0,0.6301131418624891,1.0
0.5501893939393939,1.0,0.6312563840653729,1.0,0.5825136612021858,1.0
0.5128676470588235,1.0,0.6148648648648649,1.0,0.6279461279461279,1.0
0.44719314938154137,1.0,0.6686046511627907,1.0,0.5460750853242321,1.0
0.41139240506329117,1.0,0.5633367662203913,1.0,0.5127272727272727,1.0
0.4521276595744681,1.0,0.6208625877632898,1.0,0.5406464250734574,1.0
0.44222222222222224,1.0,0.6067917783735478,1.0,0.4555453712190651,1.0
0.4958061509785648,1.0,0.596248766041461,1.0,0.5228604923798359,1.0
0.40793489318413023,1.0,0.5912778904665315,1.0,0.5146088595664468,1.0
0.5340909090909091,1.0,0.5707762557077626,1.0,0.50935960591133,1.0
0.42163801820020225,1.0,0.6117523609653726,1.0,0.5480392156862746,1.0
0.4910292728989613,1.0,0.6111611161116112,1.0,0.5771230502599654,1.0
0.4857397504456328,1.0,0.6032064128256514,1.0,0.5661157024793388,1.0
0.34112646121147716,1.0,0.6528692380056444,1.0,0.4714548802946593,1.0
0.45292887029288703,1.0,0.6085232903865213,1.0,0.6428571428571429,1.0
0.4879459980713597,1.0,0.6529175050301811,1.0,0.6105577689243028,1.0
0.4967381174277726,1.0,0.6478174603174603,1.0,0.5518157661647476,1.0
0.5063636363636363,1.0,0.6376404494382022,1.0,0.6589817483189241,1.0
0.5476923076923077,1.0,0.6347177848775293,1.0,0.7151219512195122,1.0
0.489,1.0,0.6657657657657657,1.0,0.584180790960452,1.0
0.5663636363636364,1.0,0.6902119071644803,1.0,0.6749116607773852,1.0
0.4332372718539865,1.0,0.6942307692307692,1.0,0.5903041825095057,1.0
0.516,1.0,0.6465433300876339,1.0,0.670846394984326,1.0
0.522,1.0,0.7610789980732178,1.0,0.6742909423604757,1.0
0.5496558505408063,1.0,0.6659597030752916,1.0,0.6292134831460674,1.0
0.5658031088082901,1.0,0.6783154121863799,1.0,0.591321897073663,1.0
0.5568421052631579,1.0,0.7708108108108108,1.0,0.6233396584440227,1.0
0.526173285198556,1.0,0.698284561049445,1.0,0.7111324376199616,1.0
0.5653495440729484,1.0,0.673557278208441,1.0,0.5628997867803838,1.0
0.5543032786885246,1.0,0.7182952182952183,1.0,0.5874558303886925,1.0
0.488328664799253,1.0,0.7345225603357818,1.0,0.6626865671641791,1.0
0.48322756119673616,1.0,0.7107364685004437,1.0,0.6933333333333334,1.0
0.5820271682340648,1.0,0.6090909090909091,1.0,0.6540697674418605,1.0
0.5142095914742452,1.0,0.7019607843137254,1.0,0.6482320942883046,1.0
0.5798319327731093,1.0,0.7311089303238469,1.0,0.6089887640449438,1.0
0.5057471264367817,1.0,0.775,1.0,0.6948669201520913,1.0
0.5824977210574294,1.0,0.7411504424778761,1.0,0.6861966236345581,1.0
0.5094152626362736,1.0,0.7147856517935258,1.0,0.6903602726387537,1.0
0.5428015564202334,1.0,0.6804670912951167,1.0,0.7046728971962617,1.0
0.4888673765730881,1.0,0.6725581395348837,1.0,0.6492753623188405,1.0
0.500996015936255,1.0,0.7113594040968343,1.0,0.7449355432780848,1.0
0.5143422354104846,1.0,0.6988457502623295,1.0,0.7412008281573499,1.0
0.43587174348697394,1.0,0.6461538461538462,1.0,0.7071290944123314,1.0
0.49391480730223125,1.0,0.7809330628803245,1.0,0.6900958466453674,1.0
0.5291308500477555,1.0,0.7373271889400922,1.0,0.787292817679558,1.0
0.43566176470588236,1.0,0.7164790174002047,1.0,0.6682509505703422,1.0
0.5178926441351889,1.0,0.7235067437379576,1.0,0.6760828625235404,1.0
0.5249520153550864,1.0,0.735632183908046,1.0,0.6852425180598555,1.0
0.4234913793103448,1.0,0.8121085594989561,1.0,0.6808080808080809,1.0
0.5261261261261261,1.0,0.7334525939177102,1.0,0.6997140133460439,1.0
0.39922854387656703,1.0,0.7505030181086519,1.0,0.7871747211895911,1.0
0.4359823399558499,1.0,0.7003929273084479,1.0,0.6818181818181818,1.0
0.5411089866156787,1.0,0.7393561786085151,1.0,0.6989351403678606,1.0
0.4257142857142857,1.0,0.7598173515981735,1.0,0.6317335945151812,1.0
0.4939759036144578,1.0,0.6843137254901961,1.0,0.7246531483457844,1.0
0.3834652594547054,1.0,0.753177966101695,1.0,0.7006610009442871,1.0
0.4654150197628458,1.0,0.6686046511627907,1.0,0.6939146230699365,1.0
0.41593886462882096,1.0,0.7303571428571428,1.0,0.756385068762279,1.0
0.44034917555771097,1.0,0.775096525096525,1.0,0.7800875273522976,1.0
0.44870466321243524,1.0,0.7815384615384615,1.0,0.7674216027874564,1.0
0.41241890639481,1.0,0.780195865070729,1.0,0.7502762430939226,1.0
0.4488536155202822,1.0,0.7192242833052277,1.0,0.6812227074235808,1.0
0.484118291347207,1.0,0.8204545454545454,1.0,0.8202368137782562,1.0
0.43601895734597157,1.0,0.6745614035087719,1.0,0.7897240723120837,1.0
0.3994082840236686,1.0,0.7127016129032258,1.0,0.7939508506616257,1.0
0.4810009267840593,1.0,0.7359050445103857,1.0,0.7079107505070994,1.0
0.4515463917525773,1.0,0.705078125,1.0,0.7808612440191387,1.0
0.43016194331983804,1.0,0.7849566055930569,1.0,0.7512953367875648,1.0
0.4566787003610108,1.0,0.7142857142857143,1.0,0.7520891364902507,1.0
0.5123639960435212,1.0,0.6794995187680462,1.0,0.8160237388724035,1.0
0.43315508021390375,1.0,0.7360350492880613,1.0,0.7788898999090081,1.0
0.41116751269035534,1.0,0.7112932604735883,1.0,0.8619631901840491,1.0
0.4966442953020134,1.0,0.7534653465346535,1.0,0.7796086508753862,1.0
0.5053648068669528,1.0,0.7526467757459095,1.0,0.7549857549857549,1.0
0.4424860853432282,1.0,0.7979225684608121,1.0,0.7827868852459017,1.0
0.43729903536977494,1.0,0.8126888217522659,1.0,0.8687739463601533,1.0
0.4215202369200395,1.0,0.7785977859778598,1.0,0.7748015873015873,1.0
0.4240343347639485,1.0,0.779,1.0,0.7779833487511564,1.0
0.42502482621648463,1.0,0.7981042654028436,1.0,0.8158914728682171,1.0
0.4227467811158798,1.0,0.7839444995044599,1.0,0.7584541062801933,1.0
0.44912923923006415,1.0,0.7276341948310139,1.0,0.7744075829383886,1.0
0.3770028275212064,1.0,0.7724268177525968,1.0,0.837,1.0
0.34394250513347024,1.0,0.8295711060948081,1.0,0.8271334792122538,1.0
0.3652085452695829,1.0,0.7612612612612613,1.0,0.746415770609319,1.0
0.2911764705882353,1.0,0.7968596663395485,1.0,0.7776699029126214,1.0
0.31791338582677164,1.0,0.7880485527544351,1.0,0.7733188720173536,1.0
0.2806361085126286,1.0,0.7648780487804878,1.0,0.7243293246993524,1.0
0.35154826958105645,1.0,0.8580310880829015,1.0,0.7765853658536586,1.0
0.2897959183673469,1.0,0.7598784194528876,1.0,0.7459605026929982,1.0
0.36742800397219466,1.0,0.7665116279069767,1.0,0.7552447552447552,1.0
0.34465534465534464,1.0,0.7331995987963892,1.0,0.778,1.0
0.2872983870967742,1.0,0.7045454545454546,1.0,0.7538022813688213,1.0
0.3657587548638132,1.0,0.7773475314617618,1.0,0.7763157894736842,1.0
0.3290386521308226,1.0,0.7767695099818511,1.0,0.7709551656920078,1.0
0.3286384976525822,1.0,0.8315217391304348,1.0,0.7640232108317214,1.0
0.361,1.0,0.7235772357723578,1.0,0.781431334622824,1.0
0.3127413127413127,1.0,0.7970731707317074,1.0,0.8116370808678501,1.0
0.37983034872761545,1.0,0.7356687898089171,1.0,0.8481262327416174,1.0
